epoch,time,train/box_loss,train/cls_loss,train/dfl_loss,metrics/precision(B),metrics/recall(B),metrics/mAP50(B),metrics/mAP50-95(B),val/box_loss,val/cls_loss,val/dfl_loss,lr/pg0,lr/pg1,lr/pg2
1,14.3578,2.43975,4.54801,2.45317,0,0,0,0,2.27885,4.57763,2.44645,7.825e-05,7.825e-05,7.825e-05
2,17.662,2.45057,4.55778,2.44227,0,0,0,0,2.26986,4.57353,2.43239,0.00018168,0.00018168,0.00018168
3,21.0259,2.04752,4.48779,2.14651,0,0,0,0,1.83003,4.57723,2.05696,0.000284076,0.000284076,0.000284076
4,24.4985,1.76293,4.4564,1.98613,0,0,0,0,1.78046,4.64486,2.02427,0.000308352,0.000308352,0.000308352
5,27.9933,1.66735,4.39047,1.87327,0,0,0,0,1.695,4.58201,1.84647,0.000306803,0.000306803,0.000306803
6,31.0425,1.61233,4.3179,1.76899,0,0,0,0,1.66368,4.50137,1.74476,0.000305253,0.000305253,0.000305253
7,34.0352,1.58299,4.18154,1.7197,0,0,0,0,1.71287,4.45881,1.76213,0.000303704,0.000303704,0.000303704
8,36.931,1.58526,4.12045,1.71159,0,0,0,0,1.62174,4.45346,1.69824,0.000302155,0.000302155,0.000302155
9,39.8305,1.5847,4.00668,1.74152,0,0,0,0,1.53874,4.45653,1.65921,0.000300605,0.000300605,0.000300605
10,42.8223,1.53751,3.91699,1.67787,0,0,0,0,1.51026,4.44291,1.64695,0.000299056,0.000299056,0.000299056
11,45.709,1.57075,3.84892,1.72295,0.02767,0.03043,0.02802,0.01291,1.52163,4.41377,1.63182,0.000297507,0.000297507,0.000297507
12,48.5974,1.58494,3.73734,1.70024,0.02174,0.04348,0.0368,0.02233,1.55267,4.36447,1.62143,0.000295957,0.000295957,0.000295957
13,51.5033,1.57091,3.56295,1.68244,0.16393,0.10416,0.09891,0.06788,1.55816,4.29525,1.62817,0.000294408,0.000294408,0.000294408
14,54.4411,1.5521,3.47503,1.69798,0.1568,0.1805,0.17195,0.11432,1.53548,4.25051,1.63983,0.000292858,0.000292858,0.000292858
15,57.4773,1.53629,3.32068,1.697,0.17737,0.20351,0.19849,0.13803,1.52526,4.22263,1.65556,0.000291309,0.000291309,0.000291309
16,60.4005,1.55527,3.26246,1.72408,0.15718,0.23661,0.22448,0.14756,1.50924,4.18516,1.65877,0.00028976,0.00028976,0.00028976
17,63.3196,1.5497,3.21132,1.72077,0.20794,0.28724,0.26033,0.16103,1.5102,4.1007,1.67142,0.00028821,0.00028821,0.00028821
18,66.2228,1.54745,3.04654,1.70776,0.18217,0.31459,0.27562,0.16563,1.51445,3.98541,1.67252,0.000286661,0.000286661,0.000286661
19,69.1251,1.52951,3.02127,1.68309,0.16517,0.32328,0.28972,0.17017,1.52181,3.90762,1.66178,0.000285112,0.000285112,0.000285112
20,72.023,1.54289,2.85094,1.71542,0.15054,0.32468,0.30101,0.17611,1.51159,3.8662,1.65903,0.000283562,0.000283562,0.000283562
21,74.9513,1.52558,2.7886,1.69816,0.15232,0.33338,0.31549,0.18191,1.54065,3.88929,1.7011,0.000282013,0.000282013,0.000282013
22,77.8607,1.52652,2.8611,1.72989,0.16233,0.34787,0.31633,0.18845,1.54348,3.86906,1.70468,0.000280464,0.000280464,0.000280464
23,80.8585,1.51507,2.66792,1.70891,0.14634,0.38231,0.33956,0.21099,1.50224,3.7604,1.6618,0.000278914,0.000278914,0.000278914
24,83.8873,1.53122,2.5439,1.68573,0.14257,0.40156,0.34941,0.21326,1.50069,3.66307,1.65004,0.000277365,0.000277365,0.000277365
25,86.8159,1.53331,2.5415,1.7268,0.18786,0.44396,0.37591,0.22313,1.51335,3.58343,1.66761,0.000275816,0.000275816,0.000275816
26,89.753,1.48555,2.35723,1.69982,0.18767,0.46716,0.4144,0.23365,1.55026,3.51095,1.70146,0.000274266,0.000274266,0.000274266
27,92.6974,1.52612,2.42517,1.66638,0.19972,0.49764,0.45712,0.26085,1.55017,3.37119,1.70267,0.000272717,0.000272717,0.000272717
28,95.6301,1.47352,2.33747,1.67092,0.19756,0.55539,0.48692,0.28849,1.55171,3.21848,1.71155,0.000271168,0.000271168,0.000271168
29,98.5595,1.52513,2.27623,1.67965,0.83154,0.42986,0.51661,0.30131,1.57257,3.03373,1.71812,0.000269618,0.000269618,0.000269618
30,101.593,1.50759,2.13595,1.6662,0.94773,0.33529,0.54632,0.31201,1.57695,2.8713,1.72947,0.000268069,0.000268069,0.000268069
31,104.54,1.50911,2.07519,1.67504,0.93781,0.34717,0.56413,0.33164,1.52861,2.78634,1.69693,0.00026652,0.00026652,0.00026652
32,107.458,1.48299,2.02378,1.66087,0.93746,0.34888,0.5762,0.3225,1.50647,2.74162,1.71561,0.00026497,0.00026497,0.00026497
33,110.36,1.47278,1.93938,1.68345,0.94485,0.36081,0.59399,0.32401,1.55154,2.6551,1.76416,0.000263421,0.000263421,0.000263421
34,113.264,1.46845,2.00548,1.6771,0.9064,0.41664,0.6412,0.36502,1.56385,2.45451,1.77056,0.000261871,0.000261871,0.000261871
35,116.297,1.49482,1.96248,1.66966,0.89748,0.49048,0.67163,0.37729,1.53762,2.20742,1.74167,0.000260322,0.000260322,0.000260322
36,119.21,1.47919,1.88572,1.68692,0.87628,0.51173,0.6875,0.3991,1.50027,2.03028,1.71494,0.000258773,0.000258773,0.000258773
37,122.114,1.42783,1.87219,1.64711,0.86255,0.54383,0.69938,0.40857,1.47176,1.90779,1.69903,0.000257223,0.000257223,0.000257223
38,125.041,1.4185,1.73981,1.66575,0.86446,0.56827,0.69341,0.40395,1.4494,1.76862,1.69658,0.000255674,0.000255674,0.000255674
39,127.944,1.41322,1.67747,1.62075,0.88191,0.57512,0.70065,0.41024,1.43467,1.59799,1.6983,0.000254125,0.000254125,0.000254125
40,130.861,1.45615,1.67657,1.70069,0.90243,0.57692,0.70926,0.41574,1.44368,1.48069,1.70257,0.000252575,0.000252575,0.000252575
41,133.799,1.40256,1.63808,1.62567,0.88791,0.58178,0.75101,0.44451,1.42628,1.43346,1.69086,0.000251026,0.000251026,0.000251026
42,136.712,1.41631,1.61387,1.63162,0.89745,0.58514,0.77671,0.46669,1.41796,1.39429,1.6791,0.000249477,0.000249477,0.000249477
43,139.739,1.39651,1.61261,1.57318,0.80792,0.66795,0.79608,0.47491,1.42694,1.38115,1.67899,0.000247927,0.000247927,0.000247927
44,142.661,1.38466,1.55477,1.6056,0.7398,0.69274,0.81224,0.48631,1.49838,1.39705,1.72816,0.000246378,0.000246378,0.000246378
45,145.7,1.41021,1.58523,1.64698,0.75235,0.71496,0.82318,0.49683,1.48457,1.36753,1.72126,0.000244829,0.000244829,0.000244829
46,148.621,1.43044,1.62201,1.67342,0.74507,0.74377,0.80765,0.4939,1.42761,1.33464,1.69115,0.000243279,0.000243279,0.000243279
47,151.662,1.37948,1.60837,1.66061,0.74859,0.72646,0.81645,0.47552,1.4424,1.35232,1.70861,0.00024173,0.00024173,0.00024173
48,154.682,1.37951,1.48934,1.63314,0.77249,0.72038,0.81893,0.47461,1.44516,1.33329,1.71579,0.000240181,0.000240181,0.000240181
49,157.667,1.37177,1.50904,1.61422,0.79162,0.68832,0.81684,0.47485,1.42038,1.29753,1.70574,0.000238631,0.000238631,0.000238631
50,160.678,1.36161,1.43047,1.61726,0.75188,0.72852,0.81286,0.50046,1.38962,1.22891,1.69191,0.000237082,0.000237082,0.000237082
51,163.737,1.33862,1.37294,1.56893,0.76265,0.70776,0.81684,0.50009,1.38216,1.17117,1.6834,0.000235533,0.000235533,0.000235533
52,166.67,1.35374,1.34422,1.60851,0.7918,0.72083,0.83258,0.52168,1.35799,1.12472,1.66385,0.000233983,0.000233983,0.000233983
53,169.679,1.3237,1.46256,1.54991,0.82574,0.71595,0.85584,0.5405,1.35848,1.11806,1.6615,0.000232434,0.000232434,0.000232434
54,172.701,1.35344,1.36446,1.59326,0.91502,0.69378,0.84354,0.54342,1.35162,1.08708,1.65607,0.000230884,0.000230884,0.000230884
55,175.662,1.28996,1.30148,1.54384,0.91187,0.69849,0.84278,0.54193,1.33261,1.06827,1.64317,0.000229335,0.000229335,0.000229335
56,178.592,1.32357,1.30589,1.56277,0.89142,0.70247,0.84392,0.53789,1.30768,1.04628,1.63765,0.000227786,0.000227786,0.000227786
57,181.514,1.28888,1.27013,1.52736,0.70458,0.89867,0.84786,0.54627,1.29112,1.02264,1.62692,0.000226236,0.000226236,0.000226236
58,184.473,1.28938,1.19748,1.57748,0.69842,0.92897,0.85229,0.55721,1.26646,0.99054,1.60206,0.000224687,0.000224687,0.000224687
59,187.491,1.29142,1.31394,1.53796,0.71358,0.88976,0.86666,0.57991,1.23742,0.95818,1.58734,0.000223138,0.000223138,0.000223138
60,190.399,1.25569,1.21782,1.56596,0.84985,0.84823,0.87673,0.58673,1.25359,0.94826,1.59816,0.000221588,0.000221588,0.000221588
61,193.297,1.23773,1.24768,1.54889,0.87014,0.84515,0.88764,0.59378,1.26734,0.94938,1.60292,0.000220039,0.000220039,0.000220039
62,196.221,1.25922,1.1994,1.54501,0.86259,0.8487,0.88766,0.61086,1.23722,0.93384,1.581,0.00021849,0.00021849,0.00021849
63,199.165,1.28282,1.28019,1.55596,0.85564,0.85882,0.89033,0.62137,1.21952,0.93244,1.56204,0.00021694,0.00021694,0.00021694
64,202.198,1.24824,1.20389,1.50445,0.85485,0.87156,0.91301,0.63809,1.20332,0.92807,1.55229,0.000215391,0.000215391,0.000215391
65,205.219,1.27718,1.16982,1.54236,0.78493,0.93857,0.91722,0.64027,1.19264,0.92928,1.54727,0.000213842,0.000213842,0.000213842
66,208.126,1.17852,1.12471,1.48716,0.8373,0.89114,0.93207,0.65327,1.17471,0.91109,1.53317,0.000212292,0.000212292,0.000212292
67,211.03,1.22079,1.10026,1.5243,0.85549,0.89204,0.96067,0.67661,1.15437,0.88732,1.52026,0.000210743,0.000210743,0.000210743
68,213.957,1.20431,1.05807,1.50225,0.83711,0.89624,0.9498,0.67981,1.16832,0.89469,1.53437,0.000209194,0.000209194,0.000209194
69,216.903,1.22346,1.12487,1.47165,0.80052,0.94179,0.94782,0.66191,1.2581,0.91532,1.58486,0.000207644,0.000207644,0.000207644
70,219.811,1.22351,1.16319,1.50303,0.82798,0.8826,0.93391,0.64653,1.29649,0.92252,1.61612,0.000206095,0.000206095,0.000206095
71,222.727,1.23483,1.04497,1.56812,0.81758,0.87812,0.93234,0.65646,1.21893,0.91121,1.56631,0.000204545,0.000204545,0.000204545
72,225.661,1.19134,1.06175,1.48186,0.82058,0.87537,0.93089,0.67337,1.16219,0.88209,1.53343,0.000202996,0.000202996,0.000202996
73,228.748,1.23551,1.08519,1.48971,0.85487,0.85963,0.93089,0.67619,1.16005,0.88238,1.53015,0.000201447,0.000201447,0.000201447
74,231.654,1.26235,1.10276,1.50652,0.86527,0.84343,0.90626,0.63875,1.19184,0.90102,1.54131,0.000199897,0.000199897,0.000199897
75,234.612,1.21009,1.08377,1.52543,0.89305,0.80683,0.89681,0.62965,1.21789,0.90712,1.55242,0.000198348,0.000198348,0.000198348
76,237.659,1.22364,1.04853,1.53331,0.86099,0.87868,0.93185,0.66758,1.15871,0.89708,1.51455,0.000196799,0.000196799,0.000196799
77,240.676,1.19166,1.07471,1.48582,0.81123,0.94928,0.92196,0.66813,1.10897,0.88085,1.48792,0.000195249,0.000195249,0.000195249
78,243.726,1.14929,1.02079,1.46078,0.75528,0.92789,0.92255,0.67723,1.08778,0.86897,1.47674,0.0001937,0.0001937,0.0001937
79,246.639,1.17055,1.0195,1.45249,0.83476,0.90125,0.92247,0.67633,1.09828,0.86578,1.48379,0.000192151,0.000192151,0.000192151
80,249.601,1.19858,1.04466,1.49034,0.85258,0.89031,0.92261,0.6751,1.17742,0.88406,1.53278,0.000190601,0.000190601,0.000190601
81,252.499,1.2026,1.02002,1.5285,0.87388,0.8806,0.92271,0.68048,1.16612,0.87031,1.53039,0.000189052,0.000189052,0.000189052
82,255.419,1.21833,1.05018,1.47902,0.92736,0.88278,0.92406,0.6949,1.10033,0.83696,1.49314,0.000187503,0.000187503,0.000187503
83,258.396,1.20592,1.00648,1.48548,0.84029,0.95054,0.95631,0.71833,1.08421,0.82365,1.47709,0.000185953,0.000185953,0.000185953
84,261.318,1.16801,1.00487,1.46343,0.86978,0.93355,0.95631,0.69627,1.0773,0.8257,1.45665,0.000184404,0.000184404,0.000184404
85,264.251,1.15134,1.02654,1.45195,0.87162,0.93991,0.95695,0.69303,1.06197,0.82163,1.43731,0.000182855,0.000182855,0.000182855
86,267.159,1.11908,0.96162,1.44018,0.86732,0.94374,0.95704,0.7138,1.05046,0.82241,1.43827,0.000181305,0.000181305,0.000181305
87,270.191,1.1378,0.97968,1.45338,0.91711,0.93948,0.95722,0.71334,1.04631,0.81506,1.43607,0.000179756,0.000179756,0.000179756
88,273.103,1.15075,1.02127,1.43653,0.91124,0.94379,0.95636,0.7247,1.04651,0.80316,1.44126,0.000178207,0.000178207,0.000178207
89,276.027,1.10257,0.95057,1.39098,0.91429,0.94478,0.95917,0.72905,1.02009,0.78837,1.42411,0.000176657,0.000176657,0.000176657
90,278.967,1.12063,0.98514,1.42367,0.92022,0.94396,0.95917,0.73414,0.99635,0.76887,1.40727,0.000175108,0.000175108,0.000175108
91,281.921,1.09727,0.95201,1.38377,0.92862,0.93972,0.95626,0.72615,0.98573,0.75636,1.39766,0.000173559,0.000173559,0.000173559
92,284.846,1.11959,0.93963,1.39081,0.92934,0.93601,0.96641,0.74464,0.98633,0.75593,1.3954,0.000172009,0.000172009,0.000172009
93,287.848,1.12981,0.93684,1.4237,0.92477,0.9331,0.96641,0.75017,0.99618,0.74994,1.39996,0.00017046,0.00017046,0.00017046
94,290.753,1.11518,0.96242,1.45705,0.91981,0.92834,0.95783,0.73491,1.00411,0.75898,1.40237,0.00016891,0.00016891,0.00016891
95,293.804,1.08356,0.96464,1.36807,0.92065,0.92803,0.95844,0.72785,1.00602,0.76265,1.40277,0.000167361,0.000167361,0.000167361
96,296.708,1.11808,0.94931,1.43202,0.92886,0.9239,0.95621,0.73454,1.00256,0.75114,1.40911,0.000165812,0.000165812,0.000165812
97,299.608,1.08318,0.94681,1.39358,0.93567,0.91916,0.96733,0.73572,1.00961,0.75385,1.41303,0.000164262,0.000164262,0.000164262
98,302.642,1.07687,0.91904,1.41517,0.92542,0.9246,0.96746,0.74863,0.99749,0.75342,1.40366,0.000162713,0.000162713,0.000162713
99,305.575,1.06392,0.92185,1.41336,0.92089,0.93062,0.96768,0.73442,1.01035,0.76308,1.40863,0.000161164,0.000161164,0.000161164
100,308.509,1.07986,0.92285,1.40628,0.91636,0.9342,0.97162,0.70118,1.08305,0.78534,1.44598,0.000159614,0.000159614,0.000159614
101,311.41,1.07895,0.93065,1.39634,0.86841,0.9694,0.97174,0.69951,1.06936,0.78493,1.43683,0.000158065,0.000158065,0.000158065
102,314.483,1.0698,0.96296,1.35691,0.87375,0.96522,0.97174,0.72425,1.00179,0.76373,1.3989,0.000156516,0.000156516,0.000156516
103,317.402,1.07736,0.919,1.39445,0.89423,0.96106,0.975,0.75705,0.96216,0.74158,1.37339,0.000154966,0.000154966,0.000154966
104,320.302,1.09657,0.91199,1.43447,0.92037,0.95487,0.97343,0.7569,0.96813,0.74215,1.37619,0.000153417,0.000153417,0.000153417
105,323.23,1.04713,0.89533,1.39741,0.94496,0.94647,0.97355,0.74997,0.99286,0.74566,1.38979,0.000151868,0.000151868,0.000151868
106,326.241,1.08761,0.90964,1.43016,0.93633,0.94333,0.97717,0.72706,1.03322,0.75692,1.40912,0.000150318,0.000150318,0.000150318
107,329.204,1.07243,0.88468,1.35523,0.9139,0.95178,0.97705,0.6967,1.0898,0.76334,1.44357,0.000148769,0.000148769,0.000148769
108,332.121,1.08652,0.92805,1.3984,0.89434,0.96413,0.97717,0.71591,1.03894,0.74605,1.41333,0.00014722,0.00014722,0.00014722
109,335.224,1.07965,0.90849,1.41746,0.89483,0.96434,0.97717,0.74082,0.94845,0.72998,1.3608,0.00014567,0.00014567,0.00014567
110,338.299,1.05427,0.9129,1.34695,0.90024,0.96347,0.97717,0.75922,0.92139,0.73117,1.34544,0.000144121,0.000144121,0.000144121
111,341.208,1.05982,0.86836,1.3695,0.90766,0.96124,0.97717,0.77234,0.89434,0.7231,1.33122,0.000142572,0.000142572,0.000142572
112,344.109,1.07446,0.8747,1.38355,0.91309,0.95329,0.97572,0.76478,0.92422,0.72177,1.34736,0.000141022,0.000141022,0.000141022
113,347.06,1.04325,0.8895,1.36851,0.92462,0.95219,0.97717,0.75892,0.94228,0.72822,1.35851,0.000139473,0.000139473,0.000139473
114,350.052,1.02763,0.89025,1.37496,0.93307,0.94915,0.97717,0.76237,0.91063,0.71803,1.33887,0.000137923,0.000137923,0.000137923
115,352.947,1.01746,0.85921,1.34987,0.92096,0.9616,0.97717,0.76808,0.88054,0.71096,1.31816,0.000136374,0.000136374,0.000136374
116,355.88,1.02041,0.88142,1.35558,0.90441,0.96385,0.97717,0.76458,0.89846,0.717,1.32355,0.000134825,0.000134825,0.000134825
117,358.92,1.02962,0.86199,1.38896,0.88142,0.97051,0.97717,0.75915,0.91369,0.71266,1.33021,0.000133275,0.000133275,0.000133275
118,361.816,1.08831,0.94173,1.37891,0.86733,0.97092,0.97717,0.76031,0.89258,0.69949,1.31711,0.000131726,0.000131726,0.000131726
119,364.714,0.99886,0.87994,1.32976,0.85587,0.97101,0.97717,0.764,0.87664,0.68962,1.30717,0.000130177,0.000130177,0.000130177
120,367.631,1.03595,0.86912,1.35238,0.85094,0.97101,0.97717,0.76399,0.87198,0.67783,1.30667,0.000128627,0.000128627,0.000128627
121,370.644,1.01562,0.85025,1.39627,0.8609,0.97101,0.97717,0.76785,0.8667,0.67643,1.30268,0.000127078,0.000127078,0.000127078
122,373.545,0.99718,0.84603,1.36368,0.85073,0.97101,0.97705,0.76051,0.88167,0.67832,1.30854,0.000125529,0.000125529,0.000125529
123,376.473,1.0246,0.8584,1.35252,0.84475,0.97012,0.97717,0.7538,0.90171,0.68878,1.31276,0.000123979,0.000123979,0.000123979
124,379.446,1.03573,0.8346,1.36352,0.83421,0.96949,0.97717,0.75937,0.88755,0.68948,1.30093,0.00012243,0.00012243,0.00012243
125,382.454,1.04233,0.86087,1.38014,0.85313,0.96748,0.97717,0.7653,0.88338,0.68943,1.29441,0.000120881,0.000120881,0.000120881
126,385.454,1.01389,0.88784,1.3536,0.85814,0.96335,0.97717,0.75376,0.90849,0.70103,1.30963,0.000119331,0.000119331,0.000119331
127,388.426,1.03342,0.87698,1.35288,0.89231,0.96199,0.97717,0.75388,0.92274,0.70444,1.31692,0.000117782,0.000117782,0.000117782
128,391.367,1.00183,0.86825,1.32044,0.92908,0.95034,0.9808,0.76202,0.88694,0.69448,1.2974,0.000116233,0.000116233,0.000116233
129,394.3,0.97272,0.8218,1.29747,0.93831,0.94412,0.9808,0.78702,0.83741,0.68227,1.2726,0.000114683,0.000114683,0.000114683
130,397.222,0.97626,0.83093,1.34,0.92953,0.95229,0.97923,0.7841,0.81615,0.68377,1.25922,0.000113134,0.000113134,0.000113134
131,400.306,0.99969,0.87861,1.31269,0.9304,0.9477,0.97471,0.77626,0.81465,0.68795,1.25508,0.000111585,0.000111585,0.000111585
132,403.217,0.98574,0.79658,1.30756,0.9428,0.94615,0.97923,0.78199,0.81679,0.6912,1.25195,0.000110035,0.000110035,0.000110035
133,406.154,0.97044,0.81999,1.33935,0.94367,0.95128,0.98068,0.76882,0.84236,0.7017,1.26538,0.000108486,0.000108486,0.000108486
134,409.061,0.92617,0.8023,1.31016,0.94978,0.95166,0.9808,0.76218,0.8548,0.7033,1.27224,0.000106936,0.000106936,0.000106936
135,412.068,0.96622,0.82552,1.29192,0.95037,0.95618,0.9808,0.77549,0.82884,0.69435,1.26007,0.000105387,0.000105387,0.000105387
136,415.078,0.99191,0.83025,1.36652,0.93573,0.96957,0.9808,0.79201,0.80836,0.68501,1.2538,0.000103838,0.000103838,0.000103838
137,417.998,0.94578,0.80724,1.30948,0.92421,0.97035,0.9808,0.80034,0.80199,0.67787,1.25355,0.000102288,0.000102288,0.000102288
138,420.927,0.98271,0.79449,1.3479,0.92404,0.96941,0.97717,0.79381,0.80407,0.67808,1.25035,0.000100739,0.000100739,0.000100739
139,424.003,0.9507,0.81925,1.3068,0.93163,0.96837,0.9808,0.78987,0.821,0.67776,1.25247,9.91897e-05,9.91897e-05,9.91897e-05
140,426.974,0.94318,0.79411,1.29427,0.93384,0.96821,0.9808,0.78366,0.82844,0.67435,1.25288,9.76404e-05,9.76404e-05,9.76404e-05
141,429.917,0.94516,0.80437,1.30278,0.93965,0.96461,0.98659,0.79009,0.80311,0.66631,1.23656,9.6091e-05,9.6091e-05,9.6091e-05
142,432.834,0.96979,0.83858,1.27348,0.94147,0.95979,0.97572,0.80226,0.7775,0.66753,1.22125,9.45417e-05,9.45417e-05,9.45417e-05
143,435.765,0.98371,0.83273,1.28138,0.94289,0.95362,0.97572,0.79598,0.80449,0.67576,1.24002,9.29923e-05,9.29923e-05,9.29923e-05
144,438.73,0.94356,0.82648,1.26829,0.94842,0.95006,0.97572,0.79549,0.82146,0.67894,1.25392,9.1443e-05,9.1443e-05,9.1443e-05
145,441.658,0.96821,0.83527,1.29624,0.9601,0.94603,0.97935,0.79644,0.79215,0.66877,1.23265,8.98936e-05,8.98936e-05,8.98936e-05
146,444.582,0.95302,0.85539,1.29385,0.96314,0.94191,0.97935,0.80067,0.75463,0.65424,1.21047,8.83443e-05,8.83443e-05,8.83443e-05
147,447.554,0.92425,0.79154,1.27935,0.95154,0.95701,0.9808,0.80801,0.76317,0.64524,1.21626,8.67949e-05,8.67949e-05,8.67949e-05
148,450.61,0.89231,0.79854,1.29448,0.95164,0.95681,0.9808,0.7939,0.80014,0.64607,1.23417,8.52456e-05,8.52456e-05,8.52456e-05
149,453.655,0.97866,0.8134,1.30022,0.95552,0.97178,0.98804,0.78834,0.80682,0.64514,1.23556,8.36962e-05,8.36962e-05,8.36962e-05
150,456.614,0.95025,0.83182,1.31823,0.95822,0.97284,0.98804,0.8007,0.778,0.63703,1.22136,8.21469e-05,8.21469e-05,8.21469e-05
151,459.647,0.9255,0.78488,1.27491,0.95825,0.96995,0.98804,0.8162,0.74371,0.63171,1.20019,8.05975e-05,8.05975e-05,8.05975e-05
152,462.663,0.90252,0.80186,1.26461,0.96201,0.96514,0.98804,0.81901,0.74501,0.63502,1.2006,7.90482e-05,7.90482e-05,7.90482e-05
153,465.783,0.95797,0.81411,1.29126,0.96154,0.95869,0.9808,0.82133,0.75417,0.63699,1.20823,7.74988e-05,7.74988e-05,7.74988e-05
154,468.808,0.95701,0.80305,1.29847,0.95697,0.96158,0.9808,0.8223,0.7484,0.63256,1.20518,7.59495e-05,7.59495e-05,7.59495e-05
155,471.766,0.96545,0.80403,1.28477,0.95285,0.96435,0.9808,0.81166,0.75944,0.62328,1.21444,7.44001e-05,7.44001e-05,7.44001e-05
156,474.703,0.94798,0.82088,1.34056,0.95116,0.96505,0.98804,0.80971,0.77099,0.62319,1.22053,7.28507e-05,7.28507e-05,7.28507e-05
157,477.638,0.91035,0.77496,1.26335,0.94895,0.96508,0.98804,0.7999,0.78723,0.63418,1.22522,7.13014e-05,7.13014e-05,7.13014e-05
158,480.527,0.91574,0.80506,1.2852,0.94875,0.96481,0.98804,0.80113,0.77747,0.63589,1.21408,6.9752e-05,6.9752e-05,6.9752e-05
159,483.422,0.92873,0.8182,1.26426,0.95035,0.96389,0.98804,0.81028,0.74166,0.63211,1.1909,6.82027e-05,6.82027e-05,6.82027e-05
160,486.316,0.90422,0.76487,1.26107,0.95225,0.96259,0.98804,0.82266,0.72385,0.6279,1.17947,6.66533e-05,6.66533e-05,6.66533e-05
161,489.353,0.91727,0.77919,1.26235,0.95684,0.95717,0.9808,0.82286,0.73405,0.63217,1.18694,6.5104e-05,6.5104e-05,6.5104e-05
162,492.279,0.91521,0.7771,1.25795,0.95781,0.95626,0.9808,0.81417,0.7347,0.6326,1.18769,6.35546e-05,6.35546e-05,6.35546e-05
163,495.288,0.93983,0.78458,1.28355,0.95622,0.95694,0.9808,0.8186,0.71325,0.62636,1.17457,6.20053e-05,6.20053e-05,6.20053e-05
164,498.221,0.91417,0.78706,1.29609,0.9555,0.9579,0.9808,0.81682,0.69065,0.61998,1.1622,6.0456e-05,6.0456e-05,6.0456e-05
165,501.128,0.91106,0.78783,1.28523,0.95387,0.95601,0.98053,0.81766,0.69575,0.61961,1.16827,5.89066e-05,5.89066e-05,5.89066e-05
166,504.028,0.92746,0.78557,1.32798,0.95187,0.95385,0.97717,0.79646,0.74887,0.63962,1.19657,5.73573e-05,5.73573e-05,5.73573e-05
167,506.945,0.94108,0.79415,1.26746,0.95222,0.95131,0.97664,0.78279,0.82868,0.65996,1.23769,5.58079e-05,5.58079e-05,5.58079e-05
168,509.867,0.94214,0.78705,1.28607,0.95086,0.94825,0.97664,0.76889,0.87137,0.67232,1.2591,5.42586e-05,5.42586e-05,5.42586e-05
169,512.866,0.91259,0.78401,1.23919,0.94949,0.95104,0.97705,0.77418,0.84549,0.66524,1.24237,5.27092e-05,5.27092e-05,5.27092e-05
170,515.861,0.94102,0.82212,1.28634,0.94915,0.95324,0.97705,0.79038,0.78699,0.64562,1.21095,5.11599e-05,5.11599e-05,5.11599e-05
171,518.818,0.95443,0.91434,1.34805,0.95022,0.9511,0.97705,0.7986,0.75336,0.63482,1.19208,4.96105e-05,4.96105e-05,4.96105e-05
172,521.593,0.938,0.90952,1.32133,0.93908,0.95296,0.97198,0.8002,0.74738,0.62997,1.1889,4.80612e-05,4.80612e-05,4.80612e-05
173,524.349,0.92612,0.90302,1.34617,0.94509,0.95932,0.98647,0.79388,0.77496,0.63699,1.20444,4.65118e-05,4.65118e-05,4.65118e-05
174,527.135,0.88559,0.85364,1.26112,0.94449,0.95596,0.98647,0.77468,0.84007,0.66021,1.24247,4.49625e-05,4.49625e-05,4.49625e-05
175,529.995,0.88764,0.83505,1.26009,0.94285,0.95506,0.98647,0.76135,0.89616,0.67982,1.27951,4.34131e-05,4.34131e-05,4.34131e-05
176,532.753,0.89512,0.86034,1.28231,0.93997,0.94731,0.97923,0.7552,0.90893,0.68387,1.28991,4.18638e-05,4.18638e-05,4.18638e-05
177,535.543,0.86177,0.79219,1.26854,0.94086,0.94839,0.97923,0.75803,0.88692,0.68078,1.27549,4.03144e-05,4.03144e-05,4.03144e-05
178,538.346,0.88036,0.82315,1.24991,0.94741,0.95595,0.98647,0.77455,0.83861,0.67655,1.2448,3.8765e-05,3.8765e-05,3.8765e-05
179,541.122,0.93285,0.85057,1.29853,0.9493,0.9567,0.98647,0.7854,0.78926,0.66576,1.21387,3.72157e-05,3.72157e-05,3.72157e-05
180,543.973,0.85364,0.77401,1.25956,0.94888,0.95836,0.98647,0.79268,0.75201,0.65778,1.19327,3.56663e-05,3.56663e-05,3.56663e-05
181,546.744,0.90957,0.79875,1.35206,0.9468,0.96096,0.98647,0.797,0.74069,0.65236,1.18819,3.4117e-05,3.4117e-05,3.4117e-05
182,549.596,0.84897,0.78249,1.26706,0.94798,0.95942,0.98647,0.80038,0.73652,0.65048,1.18656,3.25676e-05,3.25676e-05,3.25676e-05
183,552.43,0.81173,0.75983,1.2341,0.95174,0.95619,0.98647,0.80323,0.73642,0.64897,1.18653,3.10183e-05,3.10183e-05,3.10183e-05
184,555.195,0.86452,0.78993,1.26083,0.95099,0.95653,0.98685,0.79639,0.73949,0.65045,1.18598,2.94689e-05,2.94689e-05,2.94689e-05
185,558.037,0.8675,0.77404,1.3119,0.94955,0.95785,0.98647,0.79636,0.74782,0.65419,1.18873,2.79196e-05,2.79196e-05,2.79196e-05
186,560.79,0.80359,0.75269,1.24136,0.95255,0.95647,0.98647,0.79716,0.75768,0.65686,1.19291,2.63702e-05,2.63702e-05,2.63702e-05
187,563.545,0.86145,0.77977,1.25899,0.95282,0.9557,0.98659,0.79261,0.76633,0.66157,1.1973,2.48209e-05,2.48209e-05,2.48209e-05
188,566.399,0.85654,0.78935,1.28433,0.95048,0.95724,0.98659,0.79368,0.76298,0.66157,1.19514,2.32715e-05,2.32715e-05,2.32715e-05
189,569.16,0.81156,0.74019,1.24374,0.95343,0.95487,0.98659,0.79507,0.75811,0.65881,1.19083,2.17222e-05,2.17222e-05,2.17222e-05
190,571.939,0.81813,0.7865,1.24454,0.95376,0.95616,0.98659,0.80002,0.7466,0.65362,1.18301,2.01729e-05,2.01729e-05,2.01729e-05
191,574.727,0.81415,0.73814,1.23307,0.93702,0.96504,0.98514,0.80184,0.73993,0.64929,1.17776,1.86235e-05,1.86235e-05,1.86235e-05
192,577.539,0.79237,0.74254,1.23399,0.93828,0.96482,0.98514,0.80388,0.73082,0.64308,1.17257,1.70742e-05,1.70742e-05,1.70742e-05
193,580.322,0.82531,0.74811,1.25283,0.94009,0.96377,0.98551,0.80286,0.72163,0.64004,1.16924,1.55248e-05,1.55248e-05,1.55248e-05
194,583.167,0.81264,0.73848,1.26254,0.94066,0.96001,0.98552,0.81314,0.71485,0.63669,1.16667,1.39755e-05,1.39755e-05,1.39755e-05
195,585.94,0.83962,0.74318,1.24425,0.94079,0.95715,0.98409,0.81644,0.70805,0.63634,1.16425,1.24261e-05,1.24261e-05,1.24261e-05
196,588.709,0.79969,0.73105,1.22896,0.94002,0.95681,0.9841,0.81457,0.70817,0.63668,1.1641,1.08768e-05,1.08768e-05,1.08768e-05
197,591.55,0.78099,0.73218,1.22703,0.93927,0.95669,0.98411,0.81455,0.70567,0.635,1.16287,9.3274e-06,9.3274e-06,9.3274e-06
198,594.401,0.78279,0.71693,1.19482,0.94517,0.94663,0.97687,0.80819,0.70386,0.63362,1.16166,7.77805e-06,7.77805e-06,7.77805e-06
199,597.238,0.78909,0.72847,1.233,0.94345,0.94753,0.97688,0.80958,0.69946,0.63164,1.16023,6.2287e-06,6.2287e-06,6.2287e-06
200,600.004,0.80094,0.74767,1.22795,0.94155,0.94954,0.97688,0.81017,0.69726,0.63029,1.15914,4.67935e-06,4.67935e-06,4.67935e-06
